movie_id,actor_id
1,1
1,28
1,1
1,1
2,2
2,4
2,671
2,415
3,3
3,3
3,3
3,820
4,4
4,16
4,969
4,415
5,5
5,5
5,5
5,856
6,6
6,132
6,610
6,11
7,7
7,242
7,585
7,172
8,8
8,210
8,412
8,8
9,9
9,908
9,9
9,497
10,10
10,41
10,10
10,10
11,6
11,610
11,11
11,11
12,12
12,12
12,12
12,12
13,13
13,13
13,116
13,13
14,6
14,610
14,132
14,11
15,15
15,15
15,670
15,70
16,16
16,16
16,971
16,16
17,17
17,73
17,17
17,17
18,18
18,18
18,18
18,18
19,19
19,19
19,19
19,19
20,20
20,20
20,20
20,20
21,21
21,21
21,209
21,21
22,22
22,22
22,330
22,742
23,23
23,23
23,23
23,23
24,24
24,24
24,198
24,24
25,12
25,218
25,25
25,25
26,12
26,26
26,26
26,26
27,27
27,27
27,27
27,27
28,28
28,10
28,42
28,28
29,29
29,277
29,29
29,29
30,17
30,73
30,17
30,870
31,31
31,31
31,31
31,31
32,32
32,122
32,32
32,32
33,33
33,33
33,33
33,556
34,34
34,16
34,34
34,34
35,35
35,35
35,35
35,35
36,36
36,36
36,36
36,36
37,3
37,203
37,930
37,820
38,9
38,218
38,18
38,518
39,39
39,39
39,39
39,39
40,40
40,34
40,40
40,40
41,41
41,41
41,41
41,41
42,42
42,42
42,665
42,42
43,43
43,899
43,356
43,404
44,44
44,674
44,964
44,44
45,45
45,45
45,41
45,45
46,46
46,46
46,46
46,46
47,47
47,47
47,47
47,47
48,48
48,48
48,48
48,965
49,5
49,49
49,274
49,384
50,50
50,50
50,50
50,50
51,51
51,176
51,51
51,877
52,52
52,52
52,52
52,52
53,52
53,53
53,53
53,53
54,54
54,54
54,54
54,54
55,55
55,93
55,55
55,55
56,56
56,21
56,56
56,56
57,57
57,57
57,57
57,198
58,58
58,58
58,58
58,58
59,59
59,59
59,59
59,59
60,60
60,358
60,884
60,219
61,60
61,358
61,474
61,219
62,62
62,62
62,639
62,398
63,63
63,63
63,9
63,780
64,3
64,145
64,22
64,899
65,58
65,21
65,65
65,65
66,66
66,66
66,58
66,66
67,67
67,67
67,67
67,67
68,68
68,68
68,773
68,68
69,69
69,69
69,69
69,69
70,70
70,70
70,70
70,70
71,71
71,71
71,71
71,515
72,16
72,72
72,72
72,72
73,73
73,73
73,73
73,73
74,18
74,74
74,74
74,74
75,75
75,2
75,969
75,75
76,76
76,76
76,277
76,76
77,77
77,155
77,77
77,77
78,32
78,78
78,31
78,78
79,79
79,543
79,442
79,79
80,80
80,80
80,80
80,717
81,81
81,81
81,81
81,875
82,33
82,82
82,82
82,82
83,83
83,83
83,83
83,83
84,52
84,52
84,84
84,84
85,85
85,85
85,85
85,347
86,86
86,86
86,86
86,86
87,87
87,87
87,87
87,87
88,88
88,88
88,88
88,88
89,89
89,89
89,89
89,89
90,90
90,90
90,90
90,573
91,91
91,91
91,91
91,91
92,92
92,92
92,92
92,92
93,93
93,93
93,93
93,93
94,10
94,770
94,94
94,94
95,95
95,95
95,95
95,95
96,96
96,96
96,96
96,96
97,97
97,10
97,939
97,97
98,98
98,625
98,98
98,98
99,42
99,99
99,99
99,99
100,100
100,218
100,211
100,657
101,101
101,101
101,101
101,101
102,12
102,102
102,102
102,102
103,103
103,103
103,986
103,103
104,104
104,250
104,104
104,104
105,105
105,105
105,105
105,105
106,106
106,106
106,106
106,106
107,76
107,107
107,107
107,35
108,108
108,108
108,108
108,108
109,4
109,109
109,109
109,109
110,17
110,73
110,17
110,17
111,111
111,111
111,111
111,111
112,16
112,29
112,112
112,243
113,113
113,113
113,416
113,113
114,114
114,114
114,114
114,114
115,115
115,115
115,115
115,115
116,13
116,116
116,432
116,116
117,117
117,870
117,177
117,301
118,118
118,118
118,124
118,118
119,119
119,119
119,119
119,119
120,33
120,120
120,120
120,120
121,121
121,121
121,121
121,121
122,122
122,122
122,122
122,122
123,123
123,123
123,123
123,123
124,124
124,124
124,711
124,124
125,125
125,125
125,125
125,125
126,126
126,126
126,126
126,126
127,127
127,127
127,127
127,127
128,52
128,128
128,128
128,128
129,129
129,129
129,129
129,129
130,130
130,209
130,130
130,592
131,131
131,131
131,131
131,131
132,132
132,132
132,132
132,132
133,133
133,133
133,487
133,133
134,134
134,134
134,134
134,86
135,135
135,135
135,135
135,135
136,136
136,804
136,35
136,136
88,137
88,137
88,87
88,137
138,138
138,138
138,138
138,138
139,139
139,139
139,139
139,139
140,140
140,140
140,140
140,140
141,141
141,141
141,141
141,141
142,142
142,142
142,142
142,142
143,134
143,143
143,143
143,143
144,144
144,144
144,144
144,144
145,145
145,145
145,145
145,145
146,9
146,146
146,219
146,412
147,147
147,147
147,147
147,147
148,9
148,148
148,148
148,22
149,149
149,149
149,149
149,149
150,150
150,150
150,150
150,150
151,151
151,151
151,151
151,947
152,12
152,102
152,152
152,852
153,153
153,356
153,153
153,153
154,58
154,154
154,154
154,65
155,155
155,155
155,155
155,155
156,3
156,820
156,497
156,8
157,149
157,157
157,157
157,157
158,158
158,158
158,158
158,158
159,159
159,159
159,159
159,159
160,40
160,160
160,98
160,430
161,161
161,161
161,209
161,87
162,162
162,162
162,162
162,97
163,42
163,40
163,70
163,163
164,164
164,164
164,164
164,164
165,4
165,16
165,165
165,852
166,16
166,166
166,971
166,72
167,58
167,326
167,167
167,167
168,13
168,677
168,28
168,948
169,73
169,693
169,169
169,169
170,170
170,170
170,170
170,170
171,171
171,171
171,171
171,171
172,172
172,172
172,172
172,172
173,31
173,173
173,173
173,173
174,16
174,174
174,971
174,174
175,175
175,175
175,291
175,291
176,176
176,176
176,176
176,176
177,177
177,177
177,177
177,177
178,178
178,178
178,155
178,178
179,179
179,278
179,278
179,179
180,180
180,180
180,180
180,49
181,181
181,181
181,181
181,181
182,32
182,182
182,31
182,182
183,183
183,441
183,183
183,80
184,184
184,184
184,118
184,184
185,185
185,290
185,185
185,186
186,186
186,186
186,186
186,186
187,187
187,187
187,187
187,187
188,188
188,82
188,188
188,188
189,189
189,189
189,189
189,189
190,32
190,190
190,190
190,122
191,191
191,191
191,191
191,191
192,51
192,192
192,192
192,192
193,193
193,193
193,193
193,193
194,52
194,194
194,194
194,52
195,195
195,195
195,195
195,195
196,196
196,196
196,196
196,405
197,197
197,155
197,197
197,197
198,198
198,198
198,198
198,198
199,199
199,199
199,900
199,199
200,200
200,200
200,200
200,200
201,201
201,201
201,201
201,201
202,202
202,87
202,129
202,202
203,203
203,480
203,203
203,203
204,204
204,334
204,204
204,204
205,205
205,205
205,205
205,205
206,206
206,63
206,206
206,206
207,207
207,207
207,207
207,207
208,58
208,208
208,234
208,208
209,209
209,161
209,209
209,209
210,210
210,108
210,366
210,39
211,211
211,211
211,211
211,211
212,212
212,212
212,212
212,212
213,213
213,624
213,213
213,213
214,214
214,903
214,214
214,214
215,215
215,215
215,215
215,215
216,216
216,216
216,750
216,10
217,217
217,474
217,217
217,158
218,218
218,3
218,889
218,218
219,219
219,734
219,594
219,219
220,220
220,220
220,220
220,949
221,221
221,221
221,221
221,141
222,222
222,140
222,351
222,222
223,203
223,383
223,348
223,223
224,145
224,579
224,224
224,224
225,225
225,225
225,225
225,225
226,13
226,226
226,226
226,226
227,227
227,227
227,948
227,227
228,228
228,228
228,413
228,228
229,229
229,229
229,229
229,229
230,230
230,934
230,230
230,230
231,231
231,600
231,929
231,231
232,232
232,232
232,232
232,743
233,233
233,233
233,373
233,890
234,234
234,234
234,221
234,208
235,235
235,13
235,28
235,600
236,236
236,236
236,34
236,236
237,237
237,606
237,237
237,237
238,238
238,238
238,238
238,238
239,234
239,234
239,239
239,239
240,20
240,240
240,240
240,240
241,58
241,241
241,241
241,375
242,242
242,242
242,242
242,104
243,243
243,243
243,243
243,243
244,9
244,12
244,279
244,75
245,245
245,639
245,245
245,245
246,246
246,243
246,976
246,253
247,247
247,247
247,759
247,247
248,58
248,248
248,239
248,248
249,172
249,249
249,230
249,804
250,250
250,250
250,250
250,250
251,95
251,160
251,812
251,251
252,252
252,252
252,252
252,252
253,253
253,742
253,253
253,514
254,254
254,254
254,254
254,254
255,255
255,255
255,255
255,255
256,253
256,256
256,133
256,256
257,257
257,257
257,257
257,257
258,258
258,258
258,258
258,258
259,149
259,259
259,259
259,259
260,238
260,238
260,260
260,260
261,261
261,424
261,261
261,261
262,262
262,262
262,254
262,262
263,263
263,263
263,263
263,180
264,150
264,264
264,264
264,264
265,265
265,265
265,266
265,265
266,266
266,266
266,266
266,266
267,100
267,267
267,238
267,267
268,268
268,268
268,268
268,268
269,269
269,269
269,324
269,272
270,270
270,270
270,270
270,270
271,271
271,271
271,271
271,271
272,272
272,272
272,272
272,272
273,273
273,273
273,273
273,273
274,274
274,274
274,274
274,274
275,275
275,275
275,275
275,275
276,73
276,276
276,276
276,276
277,277
277,277
277,428
277,412
278,278
278,278
278,278
278,278
279,16
279,279
279,417
279,279
280,280
280,280
280,280
280,678
281,281
281,83
281,281
281,969
282,282
282,282
282,114
282,282
283,283
283,283
283,283
283,283
284,18
284,281
284,284
284,284
285,282
285,285
285,418
285,285
286,286
286,176
286,286
286,185
287,287
287,287
287,287
287,287
288,288
288,288
288,288
288,288
289,113
289,289
289,289
289,289
290,290
290,176
290,290
290,186
291,291
291,291
291,291
291,291
292,292
292,292
292,292
292,292
293,293
293,293
293,293
293,293
294,191
294,294
294,294
294,294
295,32
295,31
295,295
295,295
296,33
296,437
296,50
296,857
297,297
297,297
297,297
297,297
298,186
298,298
298,298
298,298
299,183
299,299
299,121
299,299
300,300
300,300
300,300
300,300
301,301
301,301
301,301
301,301
302,32
302,302
302,304
302,302
303,303
303,288
303,303
303,303
304,32
304,304
304,304
304,122
305,83
305,870
305,301
305,305
306,2
306,306
306,5
306,991
307,307
307,307
307,307
307,307
308,81
308,308
308,308
308,308
309,309
309,309
309,309
309,309
310,125
310,125
310,867
310,453
311,311
311,311
311,311
311,865
312,312
312,33
312,312
312,312
313,313
313,313
313,191
313,313
314,33
314,314
314,877
314,314
315,315
315,315
315,317
315,448
316,316
316,316
316,316
316,83
317,317
317,317
317,317
317,317
318,318
318,318
318,318
318,318
319,52
319,319
319,319
319,319
320,320
320,320
320,320
320,320
321,195
321,195
321,321
321,321
322,322
322,322
322,322
322,322
323,87
323,323
323,323
323,58
324,324
324,324
324,324
324,324
325,161
325,325
325,325
325,325
326,326
326,326
326,141
326,491
327,161
327,327
327,135
327,197
328,328
328,348
328,328
328,35
329,329
329,381
329,604
329,329
330,218
330,330
330,330
330,330
331,331
331,331
331,331
331,331
332,135
332,135
332,332
332,332
333,333
333,671
333,333
333,799
334,334
334,744
334,334
334,796
335,335
335,335
335,335
335,335
336,161
336,225
336,141
336,225
337,204
337,337
337,337
337,337
338,338
338,338
338,338
338,338
339,339
339,621
339,339
339,339
340,340
340,340
340,753
340,624
341,73
341,328
341,341
341,888
342,34
342,477
342,930
342,604
343,343
343,343
343,343
343,343
344,9
344,145
344,344
344,594
345,345
345,227
345,345
345,345
346,346
346,346
346,357
346,346
347,347
347,598
347,347
347,813
348,348
348,348
348,576
348,348
349,349
349,349
349,349
349,349
350,350
350,573
350,573
350,350
351,351
351,143
351,351
351,351
352,352
352,352
352,352
352,352
353,149
353,259
353,353
353,353
354,55
354,354
354,354
354,354
355,355
355,329
355,355
355,215
356,356
356,356
356,258
356,668
357,346
357,357
357,357
357,346
358,358
358,884
358,930
358,477
359,359
359,359
359,858
359,638
360,22
360,360
360,625
360,360
361,361
361,361
361,361
361,361
362,9
362,362
362,98
362,362
363,218
363,363
363,229
363,363
364,364
364,364
364,364
364,364
365,365
365,365
365,490
365,514
366,366
366,366
366,366
366,366
367,367
367,367
367,367
367,367
368,368
368,368
368,368
368,368
369,369
369,369
369,898
369,369
370,242
370,242
370,104
370,242
371,371
371,371
371,371
371,371
372,372
372,372
372,372
372,372
373,373
373,373
373,373
373,373
374,40
374,374
374,374
374,926
375,375
375,149
375,241
375,375
376,376
376,376
376,254
376,376
377,377
377,598
377,11
377,621
378,255
378,378
378,515
378,535
379,379
379,585
379,892
379,379
380,380
380,380
380,380
380,380
381,381
381,381
381,561
381,286
382,382
382,382
382,207
382,382
383,383
383,383
383,403
383,383
384,384
384,384
384,514
384,934
385,385
385,858
385,26
385,385
386,386
386,386
386,386
386,386
387,387
387,387
387,387
387,387
388,388
388,388
388,89
388,388
389,389
389,389
389,389
389,389
390,390
390,390
390,801
390,340
391,391
391,391
391,391
391,793
392,392
392,392
392,392
392,392
393,393
393,393
393,393
393,393
394,172
394,394
394,10
394,394
395,395
395,395
395,395
395,523
396,396
396,396
396,396
396,396
397,397
397,818
397,397
397,397
398,398
398,398
398,398
398,398
399,4
399,399
399,399
399,399
400,400
400,400
400,100
400,400
401,401
401,899
401,118
401,848
402,402
402,402
402,402
402,402
403,401
403,403
403,403
403,403
404,404
404,404
404,404
404,404
405,405
405,384
405,405
405,405
406,406
406,406
406,406
406,406
407,407
407,407
407,12
407,396
408,158
408,408
408,408
408,408
409,409
409,409
409,409
409,409
410,410
410,410
410,410
410,410
411,45
411,45
411,107
411,411
412,412
412,412
412,412
412,412
413,31
413,413
413,413
413,173
414,79
414,118
414,414
414,537
415,415
415,415
415,415
415,415
416,416
416,416
416,989
416,416
417,4
417,417
417,417
417,417
418,418
418,418
418,418
418,418
419,180
419,405
419,419
419,419
420,98
420,186
420,420
420,5
421,313
421,820
421,421
421,421
422,422
422,742
422,112
422,422
423,423
423,423
423,423
423,423
424,424
424,424
424,424
424,424
425,113
425,113
425,425
425,289
426,426
426,426
426,542
426,426
427,301
427,427
427,427
427,427
428,405
428,428
428,425
428,428
429,429
429,855
429,429
429,429
430,430
430,430
430,430
430,430
431,431
431,431
431,431
431,991
432,13
432,432
432,432
432,432
433,433
433,433
433,274
433,433
434,434
434,434
434,434
434,434
435,113
435,435
435,435
435,543
436,433
436,436
436,433
436,436
437,437
437,437
437,437
437,437
438,33
438,438
438,438
438,438
439,301
439,125
439,50
439,439
440,429
440,113
440,440
440,440
441,441
441,184
441,441
441,441
442,442
442,442
442,442
442,442
443,443
443,443
443,443
443,443
444,177
444,303
444,444
444,444
445,445
445,445
445,445
445,307
446,83
446,446
446,446
446,446
447,181
447,701
447,447
447,447
448,448
448,2
448,427
448,306
449,51
449,449
449,449
449,449
450,450
450,870
450,450
450,450
451,33
451,451
451,557
451,451
452,443
452,452
452,81
452,452
453,453
453,453
453,453
453,453
454,454
454,454
454,454
454,454
455,455
455,454
455,299
455,713
456,119
456,456
456,555
456,440
457,51
457,457
457,457
457,126
458,5
458,458
458,458
458,458
459,315
459,459
459,459
459,459
460,460
460,460
460,460
460,460
461,461
461,455
461,461
461,461
462,462
462,462
462,462
462,462
463,463
463,463
463,463
463,463
464,369
464,884
464,341
464,845
465,129
465,465
465,465
465,465
466,466
466,466
466,466
466,466
467,467
467,930
467,467
467,467
468,468
468,468
468,468
468,468
469,366
469,469
469,469
469,469
470,470
470,470
470,41
470,470
471,263
471,471
471,471
471,471
472,132
472,85
472,472
472,472
473,473
473,473
473,473
473,473
474,474
474,474
474,757
474,219
475,383
475,475
475,967
475,572
476,476
476,476
476,930
476,728
477,477
477,477
477,767
477,468
478,478
478,478
478,478
478,594
479,238
479,238
479,479
479,479
480,480
480,610
480,203
480,750
481,481
481,382
481,481
481,481
482,482
482,589
482,253
482,482
483,384
483,894
483,967
483,220
484,424
484,552
484,484
484,484
485,16
485,4
485,971
485,104
486,486
486,486
486,486
486,486
487,487
487,42
487,487
487,487
488,488
488,488
488,488
488,488
489,489
489,489
489,489
489,489
490,490
490,490
490,490
490,490
491,202
491,491
491,491
491,491
492,492
492,492
492,238
492,492
493,493
493,493
493,493
493,493
494,494
494,494
494,504
494,840
495,495
495,220
495,150
495,495
496,496
496,496
496,496
496,496
497,497
497,497
497,497
497,497
498,498
498,498
498,498
498,498
499,499
499,134
499,595
499,87
500,500
500,500
500,397
500,804
501,501
501,501
501,501
501,501
502,502
502,502
502,502
502,502
503,358
503,503
503,503
503,742
504,504
504,504
504,504
504,504
505,505
505,505
505,505
505,505
506,506
506,1
506,961
506,506
507,227
507,227
507,948
507,831
508,508
508,254
508,254
508,646
509,509
509,509
509,205
509,509
510,510
510,510
510,510
510,510
511,511
511,511
511,511
511,511
512,512
512,218
512,651
512,514
513,144
513,513
513,513
513,513
514,514
514,514
514,216
514,820
515,515
515,515
515,515
515,133
516,516
516,516
516,954
516,516
517,517
517,243
517,12
517,102
518,518
518,514
518,852
518,518
519,519
519,519
519,519
519,519
520,520
520,520
520,520
520,520
521,521
521,492
521,521
521,165
522,522
522,968
522,238
522,522
523,523
523,523
523,523
523,523
524,4
524,506
524,524
524,524
525,377
525,668
525,529
525,525
526,150
526,526
526,526
526,526
527,527
527,415
527,527
527,527
528,401
528,693
528,16
528,528
529,426
529,529
529,820
529,969
530,530
530,530
530,16
530,530
531,531
531,531
531,531
531,531
532,532
532,532
532,532
532,532
533,533
533,533
533,533
533,979
534,415
534,415
534,534
534,534
535,416
535,535
535,535
535,535
536,536
536,536
536,536
536,536
537,405
537,113
537,537
537,5
538,538
538,538
538,538
538,538
539,539
539,539
539,539
539,539
540,540
540,540
540,540
540,540
541,274
541,541
541,541
541,541
542,542
542,542
542,542
542,542
543,543
543,306
543,543
543,543
544,83
544,544
544,544
544,309
545,545
545,545
545,545
545,545
546,117
546,716
546,277
546,546
547,547
547,991
547,547
547,547
548,119
548,701
548,848
548,991
549,549
549,549
549,50
549,549
550,81
550,313
550,550
550,80
551,551
551,551
551,551
551,551
552,552
552,552
552,552
552,552
553,301
553,866
553,191
553,711
554,437
554,554
554,50
554,554
555,555
555,555
555,555
555,440
556,556
556,82
556,556
556,556
557,557
557,557
557,557
557,557
558,33
558,568
558,558
558,558
559,559
559,559
559,559
559,559
560,119
560,176
560,877
560,560
561,51
561,561
561,561
561,561
562,188
562,562
562,562
562,562
563,119
563,716
563,33
563,563
564,119
564,564
564,564
564,559
565,565
565,565
565,565
565,565
566,566
566,718
566,566
566,718
567,567
567,567
567,567
567,567
568,568
568,568
568,568
568,568
569,569
569,569
569,569
569,569
570,22
570,570
570,570
570,570
571,571
571,130
571,571
571,571
572,572
572,572
572,572
572,572
573,573
573,573
573,573
573,573
574,574
574,574
574,891
574,145
575,575
575,575
575,575
575,575
576,576
576,576
576,576
576,401
577,577
577,577
577,577
577,577
578,202
578,571
578,491
578,578
579,579
579,579
579,22
579,210
580,129
580,580
580,225
580,580
581,581
581,581
581,581
581,581
582,582
582,582
582,582
582,582
583,583
583,583
583,583
583,352
584,60
584,884
584,358
584,930
585,585
585,272
585,779
585,585
586,586
586,227
586,586
586,586
587,587
587,587
587,587
587,587
588,588
588,588
588,588
588,788
589,589
589,486
589,589
589,589
590,590
590,590
590,590
590,590
591,134
591,325
591,141
591,591
592,87
592,592
592,592
592,592
593,593
593,593
593,593
593,593
594,594
594,594
594,588
594,594
595,595
595,595
595,595
595,595
596,596
596,596
596,596
596,596
597,12
597,102
597,597
597,597
598,598
598,598
598,598
598,842
599,599
599,599
599,172
599,397
600,600
600,757
600,929
600,600
601,3
601,601
601,328
601,10
602,602
602,602
602,602
602,212
603,603
603,69
603,603
603,603
604,369
604,604
604,430
604,657
605,12
605,605
605,605
605,232
606,606
606,606
606,606
606,606
607,607
607,607
607,607
607,607
608,608
608,606
608,608
608,608
609,609
609,200
609,609
609,609
610,610
610,619
610,610
610,610
611,611
611,611
611,611
611,68
612,612
612,612
612,612
612,612
613,613
613,613
613,613
613,570
614,89
614,89
614,614
614,614
615,518
615,3
615,477
615,223
616,8
616,616
616,616
616,616
617,617
617,663
617,617
617,617
618,618
618,618
618,618
618,618
619,619
619,610
619,610
619,899
620,620
620,620
620,620
620,620
621,621
621,750
621,393
621,586
622,328
622,622
622,470
622,243
623,623
623,40
623,216
623,890
624,624
624,624
624,76
624,624
625,625
625,625
625,770
625,625
626,626
626,626
626,626
626,626
627,627
627,601
627,230
627,807
628,504
628,504
628,619
628,588
629,10
629,757
629,629
629,629
630,149
630,375
630,155
630,630
631,388
631,89
631,631
631,388
632,621
632,632
632,393
632,842
633,277
633,633
633,633
633,633
634,634
634,634
634,634
634,634
635,635
635,635
635,216
635,583
636,34
636,636
636,331
636,45
637,637
637,637
637,637
637,637
638,638
638,180
638,594
638,328
639,639
639,639
639,639
639,639
640,640
640,640
640,640
640,640
641,641
641,641
641,641
641,641
642,642
642,603
642,20
642,642
643,643
643,70
643,643
643,643
644,238
644,644
644,644
644,970
645,623
645,645
645,645
645,645
646,646
646,646
646,646
646,646
647,647
647,647
647,647
647,647
648,12
648,648
648,648
648,648
649,324
649,649
649,649
649,649
650,40
650,4
650,430
650,650
651,383
651,651
651,263
651,651
652,652
652,652
652,652
652,806
653,9
653,95
653,653
653,826
654,654
654,654
654,654
654,654
655,238
655,242
655,951
655,655
656,656
656,656
656,506
656,399
657,657
657,657
657,657
657,657
658,377
658,527
658,658
658,492
659,377
659,9
659,659
659,333
660,660
660,272
660,165
660,904
661,661
661,661
661,661
661,661
662,277
662,963
662,662
662,662
663,663
663,663
663,657
663,663
664,73
664,233
664,664
664,514
665,16
665,665
665,665
665,665
666,666
666,666
666,666
666,666
667,646
667,254
667,667
667,667
668,668
668,638
668,668
668,668
669,261
669,669
669,669
669,669
670,670
670,670
670,670
670,670
671,671
671,826
671,386
671,671
672,16
672,100
672,672
672,672
673,673
673,673
673,673
673,673
674,674
674,623
674,407
674,28
675,646
675,675
675,675
675,675
676,48
676,48
676,48
676,676
677,677
677,324
677,133
677,677
678,45
678,678
678,678
678,678
679,679
679,679
679,679
679,679
680,674
680,680
680,680
680,680
681,681
681,681
681,27
681,27
682,682
682,890
682,682
682,268
683,683
683,683
683,683
683,683
684,684
684,684
684,684
684,684
685,685
685,685
685,833
685,685
686,397
686,533
686,76
686,686
687,687
687,687
687,160
687,687
688,16
688,688
688,688
688,688
689,689
689,689
689,689
689,689
690,405
690,500
690,690
690,690
691,229
691,691
691,687
691,691
692,13
692,692
692,692
692,692
693,693
693,820
693,430
693,693
694,677
694,417
694,694
694,75
695,695
695,695
695,695
695,695
696,696
696,696
696,696
696,696
697,75
697,386
697,547
697,697
698,698
698,698
698,698
698,698
699,418
699,699
699,699
699,699
700,405
700,852
700,700
700,700
701,701
701,701
701,701
701,701
702,183
702,547
702,716
702,702
703,703
703,281
703,703
703,677
704,701
704,704
704,453
704,704
705,430
705,705
705,705
705,705
706,706
706,706
706,706
706,706
707,707
707,707
707,707
707,707
708,708
708,708
708,708
708,715
709,709
709,709
709,709
709,709
710,710
710,437
710,998
710,710
711,51
711,711
711,561
711,33
712,51
712,561
712,712
712,712
713,713
713,125
713,713
713,713
714,437
714,714
714,714
714,458
715,715
715,715
715,715
715,715
716,716
716,119
716,716
716,716
717,717
717,717
717,720
717,450
718,718
718,718
718,566
718,718
719,719
719,719
719,719
719,719
720,720
720,720
720,717
720,720
721,721
721,721
721,721
721,721
722,722
722,722
722,722
722,722
723,349
723,890
723,349
723,471
724,724
724,477
724,724
724,724
725,725
725,725
725,725
725,232
726,384
726,726
726,726
726,504
727,727
727,727
727,727
727,727
728,728
728,728
728,728
728,728
729,729
729,729
729,729
729,729
730,613
730,583
730,730
730,730
731,347
731,731
731,585
731,820
732,732
732,889
732,732
732,263
733,733
733,733
733,572
733,733
734,734
734,751
734,41
734,734
735,735
735,735
735,735
735,735
736,736
736,129
736,138
736,736
737,737
737,737
737,737
737,737
738,60
738,884
738,585
738,930
739,215
739,739
739,739
739,325
740,740
740,740
740,740
740,740
741,741
741,741
741,741
741,741
742,742
742,742
742,594
742,924
743,39
743,743
743,743
743,743
744,744
744,594
744,826
744,744
745,745
745,340
745,745
745,745
746,746
746,500
746,160
746,746
747,494
747,494
747,624
747,339
748,748
748,748
748,748
748,748
749,749
749,213
749,749
749,604
750,750
750,750
750,753
750,961
751,751
751,753
751,751
751,751
752,369
752,373
752,944
752,898
753,753
753,753
753,16
753,753
754,211
754,470
754,253
754,701
755,755
755,908
755,755
755,333
756,227
756,227
756,948
756,588
757,757
757,218
757,8
757,757
758,758
758,758
758,961
758,487
759,759
759,634
759,759
759,759
760,760
760,760
760,760
760,760
761,761
761,761
761,761
761,761
762,762
762,762
762,762
762,762
763,763
763,763
763,763
763,763
764,764
764,764
764,764
764,764
765,765
765,594
765,478
765,765
766,89
766,766
766,727
766,766
767,750
767,767
767,767
767,780
768,383
768,358
768,219
768,761
769,769
769,412
769,28
769,743
770,770
770,770
770,936
770,770
771,771
771,771
771,771
771,158
772,772
772,772
772,772
772,772
773,773
773,773
773,773
773,773
774,383
774,3
774,581
774,774
775,40
775,3
775,897
775,345
776,236
776,746
776,361
776,776
777,777
777,777
777,777
777,777
778,218
778,512
778,229
778,778
779,3
779,779
779,779
779,779
780,63
780,780
780,780
780,780
781,397
781,930
781,781
781,781
782,227
782,227
782,948
782,782
783,623
783,279
783,784
783,783
784,784
784,784
784,784
784,784
785,384
785,497
785,785
785,785
786,786
786,786
786,786
786,786
787,217
787,787
787,787
787,787
788,788
788,771
788,362
788,788
789,506
789,109
789,784
789,529
790,790
790,500
790,651
790,629
791,769
791,255
791,25
791,230
792,12
792,792
792,792
792,792
793,793
793,793
793,793
793,793
794,794
794,794
794,794
794,794
795,795
795,795
795,795
795,795
796,500
796,10
796,796
796,218
797,797
797,797
797,797
797,797
798,253
798,500
798,827
798,798
799,799
799,899
799,272
799,799
800,800
800,800
800,800
800,800
801,801
801,801
801,801
801,801
802,802
802,802
802,934
802,802
803,623
803,238
803,687
803,269
804,804
804,397
804,804
804,804
805,805
805,805
805,805
805,805
806,806
806,806
806,232
806,833
807,18
807,648
807,807
807,670
808,172
808,808
808,899
808,808
809,809
809,809
809,809
809,809
810,4
810,377
810,104
810,810
811,598
811,811
811,811
811,811
812,229
812,812
812,41
812,812
813,813
813,431
813,813
813,95
814,814
814,814
814,814
814,814
815,815
815,815
815,262
815,815
816,816
816,816
816,46
816,816
817,817
817,817
817,817
817,817
818,818
818,514
818,1
818,818
819,12
819,623
819,819
819,819
820,820
820,820
820,820
820,820
821,623
821,821
821,821
821,821
822,150
822,394
822,822
822,822
823,823
823,823
823,823
823,823
824,4
824,118
824,824
824,701
825,384
825,18
825,825
825,961
826,826
826,826
826,826
826,826
827,253
827,827
827,253
827,827
828,253
828,42
828,378
828,827
829,829
829,48
829,829
829,829
830,830
830,830
830,830
830,830
831,831
831,831
831,831
831,831
832,832
832,832
832,117
832,832
833,3
833,833
833,833
833,833
834,693
834,521
834,834
834,834
835,835
835,835
835,521
835,263
836,426
836,836
836,404
836,836
837,837
837,837
837,837
837,837
838,415
838,426
838,838
838,838
839,113
839,839
839,537
839,119
840,840
840,840
840,840
840,840
841,280
841,841
841,701
841,692
842,842
842,842
842,842
842,842
843,843
843,843
843,843
843,843
844,844
844,844
844,844
844,844
845,845
845,845
845,845
845,845
846,846
846,846
846,414
846,846
847,415
847,415
847,847
847,847
848,848
848,416
848,5
848,848
849,849
849,418
849,849
849,849
850,4
850,850
850,850
850,850
851,851
851,851
851,851
851,851
852,852
852,852
852,852
852,852
853,677
853,416
853,540
853,853
854,13
854,854
854,854
854,854
855,855
855,13
855,855
855,855
856,118
856,848
856,856
856,856
857,857
857,544
857,49
857,426
858,858
858,858
858,858
858,858
859,859
859,859
859,416
859,859
860,858
860,860
860,860
860,436
861,861
861,301
861,861
861,861
862,693
862,862
862,862
862,862
863,863
863,863
863,826
863,24
864,181
864,443
864,864
864,864
865,865
865,865
865,865
865,865
866,866
866,180
866,49
866,13
867,867
867,867
867,867
867,867
868,868
868,868
868,868
868,868
869,555
869,869
869,869
869,869
870,870
870,79
870,870
870,870
871,51
871,701
871,83
871,871
872,437
872,559
872,872
872,554
873,873
873,873
873,873
873,873
874,51
874,716
874,874
874,874
875,875
875,875
875,875
875,439
876,876
876,876
876,876
876,876
877,877
877,877
877,877
877,713
878,219
878,22
878,1
878,962
879,879
879,879
879,879
879,879
880,9
880,10
880,148
880,232
881,881
881,881
881,881
881,881
882,882
882,882
882,324
882,882
883,883
883,63
883,204
883,883
884,884
884,884
884,884
884,576
885,885
885,885
885,885
885,885
886,886
886,886
886,886
886,886
887,887
887,887
887,887
887,887
888,340
888,624
888,888
888,340
889,889
889,889
889,889
889,889
890,890
890,35
890,742
890,98
891,12
891,891
891,891
891,760
892,379
892,892
892,892
892,892
893,400
893,893
893,593
893,893
894,894
894,890
894,939
894,889
895,883
895,280
895,895
895,895
896,896
896,896
896,896
896,896
897,494
897,897
897,742
897,897
898,898
898,898
898,898
898,898
899,899
899,899
899,899
899,899
900,900
900,900
900,373
900,900
901,338
901,901
901,901
901,901
902,383
902,902
902,902
902,902
903,903
903,903
903,57
903,763
904,904
904,753
904,904
904,904
905,233
905,742
905,218
905,905
906,906
906,906
906,906
906,906
907,907
907,601
907,907
907,907
908,908
908,908
908,902
908,348
909,909
909,790
909,333
909,909
910,910
910,910
910,910
910,910
911,10
911,12
911,148
911,934
912,912
912,912
912,912
912,647
913,749
913,348
913,133
913,913
914,914
914,886
914,914
914,914
915,358
915,951
915,594
915,915
916,916
916,746
916,916
916,916
917,917
917,917
917,917
917,917
918,361
918,918
918,133
918,918
919,516
919,132
919,811
919,919
920,920
920,920
920,920
920,610
921,921
921,921
921,220
921,921
922,623
922,514
922,29
922,430
923,28
923,160
923,581
923,923
924,924
924,924
924,924
924,366
925,508
925,925
925,925
925,925
926,41
926,926
926,926
926,960
927,788
927,927
927,927
927,927
928,227
928,227
928,948
928,227
929,929
929,929
929,929
929,588
930,930
930,930
930,146
930,339
931,931
931,931
931,931
931,931
932,790
932,238
932,625
932,932
933,407
933,933
933,683
933,933
934,934
934,771
934,581
934,232
935,935
935,908
935,935
935,935
936,936
936,924
936,936
936,936
937,96
937,937
937,29
937,973
938,938
938,938
938,938
938,938
939,506
939,939
939,516
939,939
940,20
940,940
940,940
940,940
941,377
941,95
941,431
941,783
942,41
942,942
942,934
942,918
943,943
943,943
943,943
943,943
944,944
944,944
944,949
944,944
945,763
945,945
945,945
945,654
946,677
946,503
946,946
946,946
947,947
947,639
947,947
947,947
948,227
948,948
948,948
948,948
949,381
949,949
949,949
949,949
950,377
950,805
950,512
950,950
951,951
951,160
951,951
951,951
952,384
952,495
952,771
952,186
953,623
953,953
953,656
953,219
954,3
954,954
954,954
954,954
955,512
955,793
955,955
955,955
956,643
956,506
956,145
956,956
957,957
957,957
957,652
957,957
958,377
958,939
958,958
958,958
959,959
959,68
959,959
959,959
960,960
960,960
960,98
960,960
961,16
961,961
961,10
961,961
962,962
962,492
962,962
962,962
963,963
963,95
963,963
963,95
964,172
964,964
964,585
964,403
965,377
965,965
965,965
965,965
966,13
966,500
966,966
966,966
967,12
967,967
967,961
967,12
968,968
968,238
968,968
968,968
969,656
969,969
969,969
969,969
970,970
970,970
970,22
970,970
971,971
971,490
971,971
971,971
972,972
972,972
972,519
972,972
973,973
973,973
973,973
973,973
974,974
974,971
974,974
974,974
975,4
975,415
975,975
975,280
976,976
976,976
976,17
976,810
977,400
977,977
977,977
977,977
978,978
978,978
978,978
978,978
979,979
979,979
979,979
979,531
980,103
980,683
980,980
980,980
981,253
981,981
981,133
981,981
982,716
982,5
982,982
982,982
983,103
983,983
983,983
983,983
984,984
984,984
984,984
984,984
985,985
985,985
985,985
985,985
986,13
986,986
986,986
986,986
987,987
987,277
987,987
987,987
988,988
988,988
988,988
988,988
989,989
989,989
989,989
989,532
990,990
990,990
990,442
990,990
991,991
991,991
991,991
991,991
992,13
992,992
992,102
992,992
993,993
993,993
993,993
993,993
994,994
994,994
994,994
994,546
995,995
995,995
995,995
995,995
996,701
996,996
996,873
996,996
997,429
997,997
997,555
997,997
998,441
998,998
998,708
998,33
999,999
999,999
999,999
999,999
1000,1000
1000,1000
1000,1000
1000,1000
